{
  "train_loss": [
    0.06629815528469238,
    0.018144705097515246,
    0.00548527681465434,
    0.004172644058373562,
    0.0038937523717683963
  ],
  "val_loss": [
    0.028896551420179644,
    0.005052180642659745,
    0.0021047485134239948,
    0.001562441553491471,
    0.0015115696617684672
  ],
  "best_epoch": 5,
  "train_time": 3.81
}