{
  "train_loss": [
    0.08758258662234161,
    0.017295422865905893,
    0.009777126110382487,
    0.006157195105297327,
    0.005172865076409069
  ],
  "val_loss": [
    0.02383377771364169,
    0.008014932918372783,
    0.010543074182580027,
    0.006681832579079639,
    0.008876748948117321
  ],
  "best_epoch": 4,
  "train_time": 6.23
}